﻿<?xml version="1.0" encoding="utf-8"?>
<!--DO NOT EDIT. This document is generated by PSoC Creator design builds.-->
<PSoCCreatorIdeExport Version="1">
  <Device Part="CY8C5888LTI-LP097" Processor="CortexM3" DeviceID="2E161069" />
  <Toolchains>
    <Toolchain Name="ARM GCC Generic" Selected="True">
      <Tool Name="prebuild" Command="" Options="" />
      <Tool Name="assembler" Command="arm-none-eabi-as.exe" Options="-mcpu=cortex-m3 -mthumb -I. -IGenerated_Source\PSoC5 -alh=${OutputDir}/${CompileFile}.lst -g -W" />
      <Tool Name="compiler" Command="arm-none-eabi-gcc.exe" Options="-mcpu=cortex-m3 -mthumb -Wno-main -I. -IGenerated_Source\PSoC5 -Wa,-alh=${OutputDir}/${CompileFile}.lst -g -D DEBUG -Wall -ffunction-sections -Og -ffat-lto-objects" />
      <Tool Name="linker" Command="arm-none-eabi-gcc.exe" Options="-mcpu=cortex-m3 -mthumb -g -ffunction-sections -Og -ffat-lto-objects -l m -L Generated_Source\PSoC5 -Wl,-Map,${OutputDir}/${ProjectShortName}.map -T Generated_Source\PSoC5\cm3gcc.ld -specs=nano.specs -u _printf_float -Wl,--gc-sections -u _printf_float" />
      <Tool Name="postbuild" Command="" Options="" />
    </Toolchain>
    <Toolchain Name="ARM MDK Generic" Selected="False">
      <Tool Name="prebuild" Command="" Options="" />
      <Tool Name="assembler" Command="armasm.exe" Options="--cpu=Cortex-M3 --diag_style=gnu --thumb -i. -iGenerated_Source\PSoC5 -g --list=${OutputDir}/${CompileFile}.lst" />
      <Tool Name="compiler" Command="armcc.exe" Options="--cpu=Cortex-M3 --diag_style=gnu --diag_suppress=951 -I. -IGenerated_Source\PSoC5 --list --signed_chars -g -D DEBUG -O0 --split_sections" />
      <Tool Name="linker" Command="armlink.exe" Options="--cpu=Cortex-M3 --diag_style=gnu --no_startup --library_type=microlib --map --list ${OutputDir}/${ProjectShortName}.map --scatter Generated_Source\PSoC5\Cm3RealView.scat" />
      <Tool Name="postbuild" Command="" Options="" />
    </Toolchain>
    <Toolchain Name="ARM IAR Generic" Selected="False">
      <Tool Name="prebuild" Command="" Options="" />
      <Tool Name="assembler" Command="iasmarm.exe" Options="--cpu Cortex-M3 -I. -IGenerated_Source\PSoC5 -s+ -M&lt;&gt; -w+ -r -DDEBUG --fpu None" />
      <Tool Name="compiler" Command="iccarm.exe" Options="--cpu Cortex-M3 -I. -IGenerated_Source\PSoC5 -D DEBUG --no_cse --no_unroll --no_inline --no_code_motion --no_tbaa --no_clustering --no_scheduling --debug --endian=little -e --fpu=None -On --no_wrap_diagnostics" />
      <Tool Name="linker" Command="ilinkarm.exe" Options="--semihosting --entry __iar_program_start --config Generated_Source\PSoC5\Cm3Iar.icf" />
      <Tool Name="postbuild" Command="" Options="" />
    </Toolchain>
  </Toolchains>
  <Project Name="ZumoBot_Lib" Path="C:\Users\dufma\Desktop\Project\Docu\ZumoBot_Lib.cydsn" Version="5.30" Type="Normal">
    <CMSIS_SVD_File>ZumoBot_Lib.svd</CMSIS_SVD_File>
    <Datasheet />
    <LinkerFiles>
      <LinkerFile Toolchain="ARM GCC Generic">.\Generated_Source\PSoC5\cm3gcc.ld</LinkerFile>
      <LinkerFile Toolchain="ARM MDK Generic">.\Generated_Source\PSoC5\Cm3RealView.scat</LinkerFile>
      <LinkerFile Toolchain="ARM IAR Generic">.\Generated_Source\PSoC5\Cm3Iar.icf</LinkerFile>
    </LinkerFiles>
    <Folders>
      <Folder BuildType="BUILD" Path="C:\Users\dufma\Desktop\Project\Docu\ZumoBot_Lib.cydsn">
        <Files Root="C:\Users\dufma\Desktop\Project\Docu\ZumoBot_Lib.cydsn">
          <File BuildType="BUILD" Toolchain="">.\main.c</File>
          <File BuildType="BUILD" Toolchain="">.\Accel.c</File>
          <File BuildType="BUILD" Toolchain="">.\Accel_magnet.h</File>
          <File BuildType="BUILD" Toolchain="">.\Gyro.c</File>
          <File BuildType="BUILD" Toolchain="">.\Gyro.h</File>
          <File BuildType="BUILD" Toolchain="">.\I2C_made.c</File>
          <File BuildType="BUILD" Toolchain="">.\I2C_made.h</File>
          <File BuildType="BUILD" Toolchain="">.\IR.c</File>
          <File BuildType="BUILD" Toolchain="">.\IR.h</File>
          <File BuildType="BUILD" Toolchain="">.\Magnet.c</File>
          <File BuildType="BUILD" Toolchain="">.\Motor.c</File>
          <File BuildType="BUILD" Toolchain="">.\Motor.h</File>
          <File BuildType="BUILD" Toolchain="">.\Ultra.h</File>
          <File BuildType="BUILD" Toolchain="">.\Ultra.c</File>
          <File BuildType="BUILD" Toolchain="">.\Reflectance.h</File>
          <File BuildType="BUILD" Toolchain="">.\Reflectance.c</File>
          <File BuildType="BUILD" Toolchain="">.\Nunchuk.h</File>
          <File BuildType="BUILD" Toolchain="">.\Nunchuk.c</File>
          <File BuildType="BUILD" Toolchain="">.\Ambient.c</File>
          <File BuildType="BUILD" Toolchain="">.\Ambient.h</File>
          <File BuildType="BUILD" Toolchain="">.\cyapicallbacks.h</File>
        </Files>
      </Folder>
      <Folder BuildType="STRICT" Path="C:\Users\dufma\Desktop\Project\Docu\ZumoBot_Lib.cydsn\Generated_Source\PSoC5">
        <Files Root="C:\Users\dufma\Desktop\Project\Docu\ZumoBot_Lib.cydsn">
          <File BuildType="BUILD" Toolchain="">.\Generated_Source\PSoC5\cyfitter_cfg.h</File>
          <File BuildType="BUILD" Toolchain="">.\Generated_Source\PSoC5\cyfitter_cfg.c</File>
          <File BuildType="BUILD" Toolchain="">.\Generated_Source\PSoC5\cymetadata.c</File>
          <File BuildType="BUILD" Toolchain="">.\Generated_Source\PSoC5\cydevice.h</File>
          <File BuildType="BUILD" Toolchain="">.\Generated_Source\PSoC5\cydevicegnu.inc</File>
          <File BuildType="BUILD" Toolchain="">.\Generated_Source\PSoC5\cydevicerv.inc</File>
          <File BuildType="BUILD" Toolchain="">.\Generated_Source\PSoC5\cydeviceiar.inc</File>
          <File BuildType="BUILD" Toolchain="">.\Generated_Source\PSoC5\cydevice_trm.h</File>
          <File BuildType="BUILD" Toolchain="">.\Generated_Source\PSoC5\cydevicegnu_trm.inc</File>
          <File BuildType="BUILD" Toolchain="">.\Generated_Source\PSoC5\cydevicerv_trm.inc</File>
          <File BuildType="BUILD" Toolchain="">.\Generated_Source\PSoC5\cydeviceiar_trm.inc</File>
          <File BuildType="BUILD" Toolchain="">.\Generated_Source\PSoC5\cyfittergnu.inc</File>
          <File BuildType="BUILD" Toolchain="">.\Generated_Source\PSoC5\cyfitterrv.inc</File>
          <File BuildType="BUILD" Toolchain="">.\Generated_Source\PSoC5\cyfitteriar.inc</File>
          <File BuildType="BUILD" Toolchain="">.\Generated_Source\PSoC5\cyfitter.h</File>
          <File BuildType="BUILD" Toolchain="">.\Generated_Source\PSoC5\cydisabledsheets.h</File>
          <File BuildType="BUILD" Toolchain="">.\Generated_Source\PSoC5\PWM.c</File>
          <File BuildType="BUILD" Toolchain="">.\Generated_Source\PSoC5\PWM.h</File>
          <File BuildType="BUILD" Toolchain="">.\Generated_Source\PSoC5\PWM_PM.c</File>
          <File BuildType="BUILD" Toolchain="">.\Generated_Source\PSoC5\Clock_1.c</File>
          <File BuildType="BUILD" Toolchain="">.\Generated_Source\PSoC5\Clock_1.h</File>
          <File BuildType="BUILD" Toolchain="">.\Generated_Source\PSoC5\SDA_1_aliases.h</File>
          <File BuildType="BUILD" Toolchain="">.\Generated_Source\PSoC5\SDA_1.c</File>
          <File BuildType="BUILD" Toolchain="">.\Generated_Source\PSoC5\SDA_1.h</File>
          <File BuildType="BUILD" Toolchain="">.\Generated_Source\PSoC5\SCL_1_aliases.h</File>
          <File BuildType="BUILD" Toolchain="">.\Generated_Source\PSoC5\SCL_1.c</File>
          <File BuildType="BUILD" Toolchain="">.\Generated_Source\PSoC5\SCL_1.h</File>
          <File BuildType="BUILD" Toolchain="">.\Generated_Source\PSoC5\I2C.c</File>
          <File BuildType="BUILD" Toolchain="">.\Generated_Source\PSoC5\I2C.h</File>
          <File BuildType="BUILD" Toolchain="">.\Generated_Source\PSoC5\I2C_BOOT.c</File>
          <File BuildType="BUILD" Toolchain="">.\Generated_Source\PSoC5\I2C_INT.c</File>
          <File BuildType="BUILD" Toolchain="">.\Generated_Source\PSoC5\I2C_PM.c</File>
          <File BuildType="BUILD" Toolchain="">.\Generated_Source\PSoC5\I2C_SLAVE.c</File>
          <File BuildType="BUILD" Toolchain="">.\Generated_Source\PSoC5\I2C_MASTER.c</File>
          <File BuildType="BUILD" Toolchain="">.\Generated_Source\PSoC5\I2C_PVT.h</File>
          <File BuildType="BUILD" Toolchain="">.\Generated_Source\PSoC5\UART.c</File>
          <File BuildType="BUILD" Toolchain="">.\Generated_Source\PSoC5\UART.h</File>
          <File BuildType="BUILD" Toolchain="">.\Generated_Source\PSoC5\UART_PM.c</File>
          <File BuildType="BUILD" Toolchain="">.\Generated_Source\PSoC5\UART_INT.c</File>
          <File BuildType="BUILD" Toolchain="">.\Generated_Source\PSoC5\UART_BOOT.c</File>
          <File BuildType="BUILD" Toolchain="">.\Generated_Source\PSoC5\UART_IntClock.c</File>
          <File BuildType="BUILD" Toolchain="">.\Generated_Source\PSoC5\UART_IntClock.h</File>
          <File BuildType="BUILD" Toolchain="">.\Generated_Source\PSoC5\cycodeshareimport.ld</File>
          <File BuildType="BUILD" Toolchain="">.\Generated_Source\PSoC5\cycodeshareexport.ld</File>
          <File BuildType="BUILD" Toolchain="">.\Generated_Source\PSoC5\cycodeshareimport.scat</File>
          <File BuildType="BUILD" Toolchain="">.\Generated_Source\PSoC5\cm3gcc.ld</File>
          <File BuildType="BUILD" Toolchain="">.\Generated_Source\PSoC5\Cm3RealView.scat</File>
          <File BuildType="BUILD" Toolchain="">.\Generated_Source\PSoC5\Cm3Start.c</File>
          <File BuildType="BUILD" Toolchain="">.\Generated_Source\PSoC5\core_cm3_psoc5.h</File>
          <File BuildType="BUILD" Toolchain="">.\Generated_Source\PSoC5\core_cm3.h</File>
          <File BuildType="BUILD" Toolchain="ARM GCC Generic">.\Generated_Source\PSoC5\CyBootAsmGnu.s</File>
          <File BuildType="BUILD" Toolchain="ARM MDK Generic">.\Generated_Source\PSoC5\CyBootAsmRv.s</File>
          <File BuildType="BUILD" Toolchain="">.\Generated_Source\PSoC5\CyDmac.c</File>
          <File BuildType="BUILD" Toolchain="">.\Generated_Source\PSoC5\CyDmac.h</File>
          <File BuildType="BUILD" Toolchain="">.\Generated_Source\PSoC5\CyFlash.c</File>
          <File BuildType="BUILD" Toolchain="">.\Generated_Source\PSoC5\CyFlash.h</File>
          <File BuildType="BUILD" Toolchain="">.\Generated_Source\PSoC5\CyLib.c</File>
          <File BuildType="BUILD" Toolchain="">.\Generated_Source\PSoC5\CyLib.h</File>
          <File BuildType="BUILD" Toolchain="">.\Generated_Source\PSoC5\cypins.h</File>
          <File BuildType="BUILD" Toolchain="">.\Generated_Source\PSoC5\cyPm.c</File>
          <File BuildType="BUILD" Toolchain="">.\Generated_Source\PSoC5\cyPm.h</File>
          <File BuildType="BUILD" Toolchain="">.\Generated_Source\PSoC5\CySpc.c</File>
          <File BuildType="BUILD" Toolchain="">.\Generated_Source\PSoC5\CySpc.h</File>
          <File BuildType="BUILD" Toolchain="">.\Generated_Source\PSoC5\cytypes.h</File>
          <File BuildType="BUILD" Toolchain="">.\Generated_Source\PSoC5\cyutils.c</File>
          <File BuildType="BUILD" Toolchain="">.\Generated_Source\PSoC5\core_cmFunc.h</File>
          <File BuildType="BUILD" Toolchain="">.\Generated_Source\PSoC5\core_cmInstr.h</File>
          <File BuildType="BUILD" Toolchain="">.\Generated_Source\PSoC5\Cm3Iar.icf</File>
          <File BuildType="BUILD" Toolchain="ARM IAR Generic">.\Generated_Source\PSoC5\CyBootAsmIar.s</File>
          <File BuildType="BUILD" Toolchain="">.\Generated_Source\PSoC5\project.h</File>
          <File BuildType="BUILD" Toolchain="">.\Generated_Source\PSoC5\MotorPwmLeft_aliases.h</File>
          <File BuildType="BUILD" Toolchain="">.\Generated_Source\PSoC5\MotorPwmLeft.c</File>
          <File BuildType="BUILD" Toolchain="">.\Generated_Source\PSoC5\MotorPwmLeft.h</File>
          <File BuildType="BUILD" Toolchain="">.\Generated_Source\PSoC5\MotorPwmRight_aliases.h</File>
          <File BuildType="BUILD" Toolchain="">.\Generated_Source\PSoC5\MotorPwmRight.c</File>
          <File BuildType="BUILD" Toolchain="">.\Generated_Source\PSoC5\MotorPwmRight.h</File>
          <File BuildType="BUILD" Toolchain="">.\Generated_Source\PSoC5\MotorDirLeft_aliases.h</File>
          <File BuildType="BUILD" Toolchain="">.\Generated_Source\PSoC5\MotorDirLeft.c</File>
          <File BuildType="BUILD" Toolchain="">.\Generated_Source\PSoC5\MotorDirLeft.h</File>
          <File BuildType="BUILD" Toolchain="">.\Generated_Source\PSoC5\MotorDirRight_aliases.h</File>
          <File BuildType="BUILD" Toolchain="">.\Generated_Source\PSoC5\MotorDirRight.c</File>
          <File BuildType="BUILD" Toolchain="">.\Generated_Source\PSoC5\MotorDirRight.h</File>
          <File BuildType="BUILD" Toolchain="">.\Generated_Source\PSoC5\IR_led_aliases.h</File>
          <File BuildType="BUILD" Toolchain="">.\Generated_Source\PSoC5\IR_led.c</File>
          <File BuildType="BUILD" Toolchain="">.\Generated_Source\PSoC5\IR_led.h</File>
          <File BuildType="BUILD" Toolchain="">.\Generated_Source\PSoC5\sensor_isr.c</File>
          <File BuildType="BUILD" Toolchain="">.\Generated_Source\PSoC5\sensor_isr.h</File>
          <File BuildType="BUILD" Toolchain="">.\Generated_Source\PSoC5\LL_aliases.h</File>
          <File BuildType="BUILD" Toolchain="">.\Generated_Source\PSoC5\LL.c</File>
          <File BuildType="BUILD" Toolchain="">.\Generated_Source\PSoC5\LL.h</File>
          <File BuildType="BUILD" Toolchain="">.\Generated_Source\PSoC5\Timer_LL.c</File>
          <File BuildType="BUILD" Toolchain="">.\Generated_Source\PSoC5\Timer_LL.h</File>
          <File BuildType="BUILD" Toolchain="">.\Generated_Source\PSoC5\Timer_LL_PM.c</File>
          <File BuildType="BUILD" Toolchain="">.\Generated_Source\PSoC5\Timer_RR.c</File>
          <File BuildType="BUILD" Toolchain="">.\Generated_Source\PSoC5\Timer_RR.h</File>
          <File BuildType="BUILD" Toolchain="">.\Generated_Source\PSoC5\Timer_RR_PM.c</File>
          <File BuildType="BUILD" Toolchain="">.\Generated_Source\PSoC5\Timer_RL.c</File>
          <File BuildType="BUILD" Toolchain="">.\Generated_Source\PSoC5\Timer_RL.h</File>
          <File BuildType="BUILD" Toolchain="">.\Generated_Source\PSoC5\Timer_RL_PM.c</File>
          <File BuildType="BUILD" Toolchain="">.\Generated_Source\PSoC5\RL_aliases.h</File>
          <File BuildType="BUILD" Toolchain="">.\Generated_Source\PSoC5\RL.c</File>
          <File BuildType="BUILD" Toolchain="">.\Generated_Source\PSoC5\RL.h</File>
          <File BuildType="BUILD" Toolchain="">.\Generated_Source\PSoC5\RR_aliases.h</File>
          <File BuildType="BUILD" Toolchain="">.\Generated_Source\PSoC5\RR.c</File>
          <File BuildType="BUILD" Toolchain="">.\Generated_Source\PSoC5\RR.h</File>
          <File BuildType="BUILD" Toolchain="">.\Generated_Source\PSoC5\Timer_LR.c</File>
          <File BuildType="BUILD" Toolchain="">.\Generated_Source\PSoC5\Timer_LR.h</File>
          <File BuildType="BUILD" Toolchain="">.\Generated_Source\PSoC5\Timer_LR_PM.c</File>
          <File BuildType="BUILD" Toolchain="">.\Generated_Source\PSoC5\LR_aliases.h</File>
          <File BuildType="BUILD" Toolchain="">.\Generated_Source\PSoC5\LR.c</File>
          <File BuildType="BUILD" Toolchain="">.\Generated_Source\PSoC5\LR.h</File>
          <File BuildType="BUILD" Toolchain="">.\Generated_Source\PSoC5\timer_clock_4.c</File>
          <File BuildType="BUILD" Toolchain="">.\Generated_Source\PSoC5\timer_clock_4.h</File>
          <File BuildType="BUILD" Toolchain="">.\Generated_Source\PSoC5\Timer.c</File>
          <File BuildType="BUILD" Toolchain="">.\Generated_Source\PSoC5\Timer.h</File>
          <File BuildType="BUILD" Toolchain="">.\Generated_Source\PSoC5\Timer_PM.c</File>
          <File BuildType="BUILD" Toolchain="">.\Generated_Source\PSoC5\Echo_aliases.h</File>
          <File BuildType="BUILD" Toolchain="">.\Generated_Source\PSoC5\Echo.c</File>
          <File BuildType="BUILD" Toolchain="">.\Generated_Source\PSoC5\Echo.h</File>
          <File BuildType="BUILD" Toolchain="">.\Generated_Source\PSoC5\ultra_isr.c</File>
          <File BuildType="BUILD" Toolchain="">.\Generated_Source\PSoC5\ultra_isr.h</File>
          <File BuildType="BUILD" Toolchain="">.\Generated_Source\PSoC5\Trig_aliases.h</File>
          <File BuildType="BUILD" Toolchain="">.\Generated_Source\PSoC5\Trig.c</File>
          <File BuildType="BUILD" Toolchain="">.\Generated_Source\PSoC5\Trig.h</File>
          <File BuildType="BUILD" Toolchain="">.\Generated_Source\PSoC5\IR_receiver_aliases.h</File>
          <File BuildType="BUILD" Toolchain="">.\Generated_Source\PSoC5\IR_receiver.c</File>
          <File BuildType="BUILD" Toolchain="">.\Generated_Source\PSoC5\IR_receiver.h</File>
        </Files>
      </Folder>
      <Folder BuildType="STRICT" Path="C:\Users\dufma\Desktop\Project\Docu\ZumoBot_Lib.cydsn\Export\ARM_GCC_Generic">
        <Files Root="C:\Users\dufma\Desktop\Project\Docu\ZumoBot_Lib.cydsn">
          <File BuildType="BUILD" Toolchain="ARM GCC Generic">.\Export\ARM_GCC_Generic\CyComponentLibrary.a</File>
        </Files>
      </Folder>
      <Folder BuildType="STRICT" Path="C:\Users\dufma\Desktop\Project\Docu\ZumoBot_Lib.cydsn\Export\ARM_MDK_Generic">
        <Files Root="C:\Users\dufma\Desktop\Project\Docu\ZumoBot_Lib.cydsn">
          <File BuildType="BUILD" Toolchain="ARM MDK Generic">.\Export\ARM_MDK_Generic\CyComponentLibrary.a</File>
        </Files>
      </Folder>
      <Folder BuildType="STRICT" Path="C:\Users\dufma\Desktop\Project\Docu\ZumoBot_Lib.cydsn\Export\ARM_IAR_Generic">
        <Files Root="C:\Users\dufma\Desktop\Project\Docu\ZumoBot_Lib.cydsn">
          <File BuildType="BUILD" Toolchain="ARM IAR Generic">.\Export\ARM_IAR_Generic\CyComponentLibrary.a</File>
        </Files>
      </Folder>
      <Folder BuildType="EXCLUDE" Path=".\codegentemp">
        <Files Root="C:\Users\dufma\Desktop\Project\Docu\ZumoBot_Lib.cydsn" />
      </Folder>
      <Folder BuildType="EXCLUDE" Path=".\ARM_GCC_441">
        <Files Root="C:\Users\dufma\Desktop\Project\Docu\ZumoBot_Lib.cydsn" />
      </Folder>
      <Folder BuildType="EXCLUDE" Path=".\ARM_GCC_473">
        <Files Root="C:\Users\dufma\Desktop\Project\Docu\ZumoBot_Lib.cydsn" />
      </Folder>
      <Folder BuildType="EXCLUDE" Path=".\DP8051_Keil_952">
        <Files Root="C:\Users\dufma\Desktop\Project\Docu\ZumoBot_Lib.cydsn" />
      </Folder>
      <Folder BuildType="EXCLUDE" Path=".\DP8051">
        <Files Root="C:\Users\dufma\Desktop\Project\Docu\ZumoBot_Lib.cydsn" />
      </Folder>
      <Folder BuildType="EXCLUDE" Path=".\CortexM0">
        <Files Root="C:\Users\dufma\Desktop\Project\Docu\ZumoBot_Lib.cydsn" />
      </Folder>
      <Folder BuildType="EXCLUDE" Path=".\CortexM0p">
        <Files Root="C:\Users\dufma\Desktop\Project\Docu\ZumoBot_Lib.cydsn" />
      </Folder>
      <Folder BuildType="EXCLUDE" Path=".\CortexM3">
        <Files Root="C:\Users\dufma\Desktop\Project\Docu\ZumoBot_Lib.cydsn" />
      </Folder>
      <Folder BuildType="EXCLUDE" Path=".\CortexM4">
        <Files Root="C:\Users\dufma\Desktop\Project\Docu\ZumoBot_Lib.cydsn" />
      </Folder>
      <Folder BuildType="EXCLUDE" Path=".\CortexM7">
        <Files Root="C:\Users\dufma\Desktop\Project\Docu\ZumoBot_Lib.cydsn" />
      </Folder>
      <Folder BuildType="EXCLUDE" Path=".\Generated_Source\PSoC3">
        <Files Root="C:\Users\dufma\Desktop\Project\Docu\ZumoBot_Lib.cydsn" />
      </Folder>
      <Folder BuildType="EXCLUDE" Path=".\Generated_Source\PSoC4">
        <Files Root="C:\Users\dufma\Desktop\Project\Docu\ZumoBot_Lib.cydsn" />
      </Folder>
    </Folders>
  </Project>
</PSoCCreatorIdeExport>